group,delta_acc,delta_macro_f1,lambda_align
High-D+Low-R,0.00652741514360311,0.004600757993489801,0.01
High-D+High-R,0.0,0.020184684954121956,0.01
