lambda_align,epoch,acc,macro_f1
0.01,13.0,0.6345639379347244,0.6239006609687784
0.05,10.0,0.6254681647940075,0.614734103364112
0.1,11.0,0.6142322097378277,0.607836315924878
0.5,23.0,0.6142322097378277,0.6059073257438233
