{
  "diagnostic_valid": {
    "epoch": 9.0,
    "acc": 0.6201177100053504,
    "macro_f1": 0.6172033027541186
  },
  "concat_valid": {
    "epoch": 5.0,
    "acc": 0.6120920278223649,
    "macro_f1": 0.6075505330209706
  },
  "uncond_align_valid": {
    "epoch": 13.0,
    "acc": 0.6345639379347244,
    "macro_f1": 0.6239006609687784
  },
  "best_lambda_align": 0.01,
  "thresholds": {
    "q33": 0.02421955329676469,
    "q66": 0.05399188275138537
  },
  "high_d_reliability_counts": {
    "High-D+Low-R": 766,
    "High-D+High-R": 767
  }
}