{
  "diagnostic_valid": {
    "epoch": 1.0,
    "acc": 0.27102803738317754,
    "macro_f1": 0.14215686274509803
  },
  "concat_valid": {
    "epoch": 1.0,
    "acc": 0.2523364485981308,
    "macro_f1": 0.17657923175164555
  },
  "uncond_align_valid": {
    "epoch": 1.0,
    "acc": 0.5,
    "macro_f1": 0.2222222222222222
  },
  "best_lambda_align": 0.01,
  "thresholds": {
    "q33": 0.0008443859405815601,
    "q66": 0.002606484107673168
  }
}