group,delta_acc,delta_macro_f1,lambda_align
High-D+Low-R,-0.0325644504748982,-0.06023501247108104,0.01
High-D+High-R,-0.05284552845528456,-0.033483722376587144,0.01
