lambda_align,epoch,acc,macro_f1
0.01,3.0,0.5066880684858213,0.4011320230309703
0.05,3.0,0.49919743178170145,0.35459727556639936
0.1,3.0,0.4724451578384163,0.3493971685177127
0.5,3.0,0.47298020331728197,0.32073904695263916
