group,delta_acc,delta_macro_f1,lambda_align
High-D+Low-R,0.0055172413793103114,0.0015593917250140699,0.01
High-D+High-R,-0.0055172413793103114,-0.007303702950033686,0.01
