lambda_align,epoch,acc,macro_f1
0.01,22.0,0.6260032102728732,0.620237444346459
0.05,23.0,0.6185125735687533,0.6077036127789008
0.1,20.0,0.6201177100053504,0.6130205639041844
0.5,25.0,0.6072766185125735,0.5960154361020223
