group,delta_acc,delta_macro_f1,lambda_align
High-D+Low-R,-0.07826086956521738,0.02871148919776001,0.01
High-D+High-R,0.06956521739130439,0.05484698553905165,0.01
