group,delta_acc,delta_macro_f1,lambda_align
High-D+Low-R,-0.00512820512820511,-0.01017453661904344,0.05
High-D+High-R,-0.001280409731113985,-0.0017366711947510716,0.05
