lambda_align,epoch,acc,macro_f1
0.01,9.0,0.6243980738362761,0.6170381343584362
0.05,8.0,0.6297485286249331,0.6240851755837014
0.1,10.0,0.6158373461744249,0.6083533393537351
0.5,24.0,0.6201177100053504,0.6040397470302464
