{
  "diagnostic_valid": {
    "epoch": 19.0,
    "acc": 0.628143392188336,
    "macro_f1": 0.6136301006153563
  },
  "concat_valid": {
    "epoch": 8.0,
    "acc": 0.6276083467094703,
    "macro_f1": 0.6170496797467738
  },
  "uncond_align_valid": {
    "epoch": 8.0,
    "acc": 0.6297485286249331,
    "macro_f1": 0.6240851755837014
  },
  "best_lambda_align": 0.05,
  "thresholds": {
    "q33": 0.02496104128658771,
    "q66": 0.05659589792291322
  },
  "high_d_reliability_counts": {
    "High-D+Low-R": 780,
    "High-D+High-R": 781
  }
}