group,delta_acc,delta_macro_f1,lambda_align
High-D+Low-R,-0.003826530612244916,-0.004767431136853628,0.05
High-D+High-R,-0.016560509554140235,-0.019458368686456895,0.05
