lambda_align,epoch,acc,macro_f1
0.01,22.0,0.6206527554842162,0.6091451548293993
0.05,8.0,0.6222578919208133,0.6191612012697109
0.1,16.0,0.6233279828785446,0.6158999051729608
0.5,14.0,0.613697164258962,0.606290107401727
