{
  "diagnostic_valid": {
    "epoch": 17.0,
    "acc": 0.6340288924558587,
    "macro_f1": 0.6189204745582159
  },
  "concat_valid": {
    "epoch": 16.0,
    "acc": 0.6238630283574104,
    "macro_f1": 0.6188166999697495
  },
  "uncond_align_valid": {
    "epoch": 8.0,
    "acc": 0.6222578919208133,
    "macro_f1": 0.6191612012697109
  },
  "best_lambda_align": 0.05,
  "thresholds": {
    "q33": 0.024510477979977924,
    "q66": 0.05237453306714693
  },
  "high_d_reliability_counts": {
    "High-D+Low-R": 784,
    "High-D+High-R": 785
  }
}