group,delta_acc,delta_macro_f1,lambda_align
High-D+Low-R,-0.004010695187165791,-0.001699421250949018,0.01
High-D+High-R,0.001335113484646211,0.004490551837478707,0.01
