lambda_align,epoch,acc,macro_f1
0.01,19.0,0.6243980738362761,0.6154090850558697
0.05,17.0,0.6185125735687533,0.6084975122372672
0.1,21.0,0.6163723916532905,0.6110233398206356
0.5,24.0,0.5906902086677368,0.5878083410081673
