group,delta_acc,delta_macro_f1,lambda_align
High-D+Low-R,0.010652463382157085,0.013240118248193156,0.05
High-D+High-R,0.0026631158455392434,0.008143961093268537,0.05
