lambda_align,epoch,acc,macro_f1
0.01,14.0,0.6195826645264848,0.612880898548917
0.05,22.0,0.6276083467094703,0.6222678400144069
0.1,24.0,0.6249331193151418,0.6197768016573781
0.5,25.0,0.6094168004280364,0.6024339684355764
