{
  "diagnostic_valid": {
    "epoch": 15.0,
    "acc": 0.6270733012306046,
    "macro_f1": 0.6126395847810976
  },
  "concat_valid": {
    "epoch": 10.0,
    "acc": 0.6142322097378277,
    "macro_f1": 0.6083350278997088
  },
  "uncond_align_valid": {
    "epoch": 22.0,
    "acc": 0.6276083467094703,
    "macro_f1": 0.6222678400144069
  },
  "best_lambda_align": 0.05,
  "thresholds": {
    "q33": 0.021093232557177544,
    "q66": 0.04458178828159968
  },
  "high_d_reliability_counts": {
    "High-D+Low-R": 751,
    "High-D+High-R": 751
  }
}