lambda_align,epoch,acc,macro_f1
0.01,28.0,0.6074766355140186,0.5330911652686964
0.05,30.0,0.6308411214953271,0.5513931877109911
0.1,18.0,0.5887850467289719,0.48801052458221833
0.5,22.0,0.6261682242990654,0.46083663281115506
