group,delta_acc,delta_macro_f1,lambda_align
High-D+Low-R,0.007884362680683266,0.002113088831912524,0.1
High-D+High-R,0.011811023622047334,0.011441959509445487,0.1
