lambda_align,epoch,acc,macro_f1
0.01,17.0,0.6238630283574104,0.6122505666386683
0.05,22.0,0.6190476190476191,0.6111927398086205
0.1,25.0,0.6179775280898876,0.6145065577528407
0.5,25.0,0.5981808453718566,0.5938428146328617
