{
  "diagnostic_valid": {
    "epoch": 25.0,
    "acc": 0.6238630283574104,
    "macro_f1": 0.6164533018917367
  },
  "concat_valid": {
    "epoch": 19.0,
    "acc": 0.6276083467094703,
    "macro_f1": 0.6165827650277232
  },
  "uncond_align_valid": {
    "epoch": 25.0,
    "acc": 0.6179775280898876,
    "macro_f1": 0.6145065577528407
  },
  "best_lambda_align": 0.1,
  "thresholds": {
    "q33": 0.02449335344135761,
    "q66": 0.05411686127384503
  },
  "high_d_reliability_counts": {
    "High-D+Low-R": 761,
    "High-D+High-R": 762
  }
}