group,delta_acc,delta_macro_f1,lambda_align
High-D+Low-R,0.037735849056603765,0.030733272678774626,0.5
High-D+High-R,-0.05660377358490565,-0.08454738189219196,0.5
