{
  "diagnostic_valid": {
    "epoch": 20.0,
    "acc": 0.6682242990654206,
    "macro_f1": 0.5830281925252089
  },
  "concat_valid": {
    "epoch": 23.0,
    "acc": 0.6448598130841121,
    "macro_f1": 0.5912568306010929
  },
  "uncond_align_valid": {
    "epoch": 30.0,
    "acc": 0.6401869158878505,
    "macro_f1": 0.5417776931861439
  },
  "best_lambda_align": 0.5,
  "thresholds": {
    "q33": 0.024057799950242043,
    "q66": 0.05596163868904114
  },
  "high_d_reliability_counts": {
    "High-D+Low-R": 106,
    "High-D+High-R": 106
  }
}