group,delta_acc,delta_macro_f1,lambda_align
High-D+Low-R,0.010113780025284513,0.00892807507738913,0.01
High-D+High-R,0.0012626262626261875,0.0034171610355363535,0.01
