lambda_align,epoch,acc,macro_f1
0.01,14.0,0.6297485286249331,0.6169401210832515
0.05,10.0,0.6179775280898876,0.6132199630858284
0.1,13.0,0.6260032102728732,0.6134306416283578
0.5,16.0,0.5880149812734082,0.5860809307400688
