{
  "diagnostic_valid": {
    "epoch": 19.0,
    "acc": 0.6313536650615302,
    "macro_f1": 0.6211300118968325
  },
  "concat_valid": {
    "epoch": 11.0,
    "acc": 0.6254681647940075,
    "macro_f1": 0.6138033853779027
  },
  "uncond_align_valid": {
    "epoch": 14.0,
    "acc": 0.6297485286249331,
    "macro_f1": 0.6169401210832515
  },
  "best_lambda_align": 0.01,
  "thresholds": {
    "q33": 0.030238068973024685,
    "q66": 0.06381115068991976
  },
  "high_d_reliability_counts": {
    "High-D+Low-R": 791,
    "High-D+High-R": 792
  }
}