group,delta_acc,delta_macro_f1,lambda_align
High-D+Low-R,-0.009358288770053513,-0.00726008126865707,0.01
High-D+High-R,-0.005347593582887611,-0.009179154239024045,0.01
