lambda_align,epoch,acc,macro_f1
0.01,21.0,0.6292134831460674,0.6200777595901695
0.05,21.0,0.6260032102728732,0.6139868555207709
0.1,17.0,0.6142322097378277,0.6089654747890995
0.5,25.0,0.6131621187800963,0.6056935210511109
