{
  "diagnostic_valid": {
    "epoch": 16.0,
    "acc": 0.628143392188336,
    "macro_f1": 0.6187584277385603
  },
  "concat_valid": {
    "epoch": 12.0,
    "acc": 0.6190476190476191,
    "macro_f1": 0.61063377298974
  },
  "uncond_align_valid": {
    "epoch": 21.0,
    "acc": 0.6292134831460674,
    "macro_f1": 0.6200777595901695
  },
  "best_lambda_align": 0.01,
  "thresholds": {
    "q33": 0.021264910077055294,
    "q66": 0.04713654393951098
  },
  "high_d_reliability_counts": {
    "High-D+Low-R": 748,
    "High-D+High-R": 748
  }
}