group,delta_acc,delta_macro_f1,lambda_align
High-D+Low-R,0.03636363636363632,0.07429772767618514,0.05
High-D+High-R,0.018018018018018056,0.019596704144553168,0.05
