group,delta_acc,delta_macro_f1,lambda_align
High-D+Low-R,0.002577319587628857,0.001844941294216751,0.01
High-D+High-R,-0.002577319587628857,-0.004962966212192388,0.01
