lambda_align,epoch,acc,macro_f1
0.01,15.0,0.6238630283574104,0.6176506373482434
0.05,17.0,0.6153023006955591,0.6101599074898795
0.1,23.0,0.6243980738362761,0.6110929512042796
0.5,24.0,0.6072766185125735,0.6000567311207836
