group,delta_acc,delta_macro_f1,lambda_align
High-D+Low-R,0.002739726027397249,0.0061315016547521806,0.05
High-D+High-R,0.001367989056087593,-0.004940501009953802,0.05
