lambda_align,epoch,acc,macro_f1
0.01,16.0,0.6233279828785446,0.6178642075988541
0.05,25.0,0.6286784376672017,0.6230813220246595
0.1,25.0,0.628143392188336,0.6183265791061676
0.5,23.0,0.6120920278223649,0.6054327738617915
