group,delta_acc,delta_macro_f1,lambda_align
High-D+Low-R,0.002680965147453085,0.0005015076113724648,0.01
High-D+High-R,0.0053547523427041055,0.0036522837647896544,0.01
