lambda_align,epoch,acc,macro_f1
0.01,18.0,0.6313536650615302,0.6186494720230374
0.05,18.0,0.6185125735687533,0.6091049037852779
0.1,20.0,0.6195826645264848,0.6108655134577905
0.5,22.0,0.6120920278223649,0.607794212651649
