group,delta_acc,delta_macro_f1,lambda_align
High-D+Low-R,-0.009510869565217406,-0.007944651910996803,0.1
High-D+High-R,-0.0013586956521739468,-0.008367312419874318,0.1
