lambda_align,epoch,acc,macro_f1
0.01,16.0,0.6233279828785446,0.6119876000532417
0.05,9.0,0.613697164258962,0.6089507040810269
0.1,21.0,0.6260032102728732,0.6152791699811592
0.5,22.0,0.6190476190476191,0.6085172026936987
