lambda_align,epoch,acc,macro_f1
0.01,28.0,0.6448598130841121,0.5770155157037657
0.05,30.0,0.5841121495327103,0.5279521558293937
0.1,28.0,0.6261682242990654,0.5105930796307365
0.5,28.0,0.6401869158878505,0.4867000265415711
