group,delta_acc,delta_macro_f1,lambda_align
High-D+Low-R,0.0075949367088608,0.008689134152173983,0.01
High-D+High-R,0.011378002528445008,0.013942808568023657,0.01
