lambda_align,epoch,acc,macro_f1
0.01,22.0,0.6297485286249331,0.6218658441187042
0.05,21.0,0.6179775280898876,0.6134489278163692
0.1,20.0,0.6276083467094703,0.6199772602343224
0.5,23.0,0.613697164258962,0.6069858930324342
