{
  "diagnostic_valid": {
    "epoch": 22.0,
    "acc": 0.6254681647940075,
    "macro_f1": 0.6159482843922183
  },
  "concat_valid": {
    "epoch": 21.0,
    "acc": 0.6276083467094703,
    "macro_f1": 0.6198184236787178
  },
  "uncond_align_valid": {
    "epoch": 22.0,
    "acc": 0.6297485286249331,
    "macro_f1": 0.6218658441187042
  },
  "best_lambda_align": 0.01,
  "thresholds": {
    "q33": 0.021876831228534382,
    "q66": 0.04877355073889096
  },
  "high_d_reliability_counts": {
    "High-D+Low-R": 790,
    "High-D+High-R": 791
  }
}