group,delta_acc,delta_macro_f1,lambda_align
High-D+Low-R,0.06299212598425191,0.048006838719227174,0.05
High-D+High-R,0.03125,0.06337558446557384,0.05
