lambda_align,epoch,acc,macro_f1
0.01,25.0,0.5700934579439252,0.5170980844569423
0.05,29.0,0.6401869158878505,0.5638640598700243
0.1,21.0,0.6448598130841121,0.5048440039458376
0.5,21.0,0.616822429906542,0.47151929736055087
