lambda_align,epoch,acc,macro_f1
0.01,21.0,0.6495327102803738,0.5218155662109117
0.05,7.0,0.5841121495327103,0.45318944115113746
0.1,12.0,0.6495327102803738,0.5258364832319331
0.5,28.0,0.6121495327102804,0.4902557533908996
