{
  "diagnostic_valid": {
    "epoch": 27.0,
    "acc": 0.6728971962616822,
    "macro_f1": 0.5949763373261862
  },
  "concat_valid": {
    "epoch": 9.0,
    "acc": 0.6542056074766355,
    "macro_f1": 0.5098378211585759
  },
  "uncond_align_valid": {
    "epoch": 12.0,
    "acc": 0.6495327102803738,
    "macro_f1": 0.5258364832319331
  },
  "best_lambda_align": 0.1,
  "thresholds": {
    "q33": 0.028874313458800316,
    "q66": 0.07422072440385818
  }
}