group,delta_acc,delta_macro_f1,lambda_align
High-D+Low-R,0.009009009009009028,0.01347946586041826,0.01
High-D+High-R,0.026785714285714274,0.027068404846182614,0.01
