lambda_align,epoch,acc,macro_f1
0.01,1.0,0.4953271028037383,0.22083333333333333
