{
  "diagnostic_valid": {
    "epoch": 1.0,
    "acc": 0.35514018691588783,
    "macro_f1": 0.264501462723834
  },
  "concat_valid": {
    "epoch": 1.0,
    "acc": 0.5,
    "macro_f1": 0.2222222222222222
  },
  "uncond_align_valid": {
    "epoch": 1.0,
    "acc": 0.4953271028037383,
    "macro_f1": 0.22083333333333333
  },
  "best_lambda_align": 0.01,
  "thresholds": {
    "q33": 0.001500980113632977,
    "q66": 0.004739184398204088
  },
  "high_d_reliability_counts": {
    "High-D+Low-R": 111,
    "High-D+High-R": 112
  }
}