group,delta_acc,delta_macro_f1,lambda_align
High-D+Low-R,-0.010512483574244391,-0.005815203399687774,0.01
High-D+High-R,0.003937007874015852,0.0067175393279597095,0.01
