lambda_align,epoch,acc,macro_f1
0.01,14.0,0.6238630283574104,0.6156808083192511
0.05,20.0,0.6211878009630819,0.6125799454598623
0.1,24.0,0.6233279828785446,0.61399999444998
0.5,24.0,0.5815944355270198,0.5746770511838081
