group,delta_acc,delta_macro_f1,lambda_align
High-D+Low-R,-0.07563025210084034,-0.03436899818478778,0.01
High-D+High-R,-0.008333333333333415,-0.014034472392410846,0.01
