lambda_align,epoch,acc,macro_f1
0.01,26.0,0.6261682242990654,0.5543989926012398
0.05,27.0,0.5981308411214953,0.5048678514972891
0.1,25.0,0.6261682242990654,0.49504667395509205
0.5,12.0,0.6448598130841121,0.49195647902544454
