lambda_align,epoch,acc,macro_f1
0.01,7.0,0.602803738317757,0.47101086048454466
0.05,13.0,0.6308411214953271,0.5335657436656326
0.1,26.0,0.5887850467289719,0.4982719779416687
0.5,30.0,0.6401869158878505,0.5417776931861439
